{ 
  "_type": "Scene", 
  "camera": { 
    "_type": "Camera", 
    "frame": { 
      "o": [ 5.000000, 5.000000, 5.000000 ], 
      "x": [ -0.707107, 0.707107, 0.000000 ], 
      "y": [ -0.408248, -0.408248, 0.816497 ], 
      "z": [ 0.577350, 0.577350, 0.577350 ]
    }, 
    "view_dist": 8.66, 
    "image_width": 1.000000, 
    "image_height": 1.000000, 
    "image_dist": 1.000000, 
    "focus_dist": 1.000000, 
    "focus_aperture": 0.000000, 
    "orthographic": false
  }, 
  "lights": { 
    "_type": "LightGroup", 
    "lights": [ 
      { 
        "_type": "PointLight", 
        "frame": { 
          "o": [ 0.000000, 5.000000, 5.000000 ], 
          "x": [ 1.000000, 0.000000, 0.000000 ], 
          "y": [ 0.000000, 1.000000, 0.000000 ], 
          "z": [ 0.000000, 0.000000, 1.000000 ]
        }, 
        "intensity": [ 20.000000, 20.000000, 20.000000 ]
      }
    ]
  }, 
  "prims": { 
    "_type": "PrimitiveGroup", 
    "prims": [ 
      { 
        "_type": "Surface", 
        "frame": { 
          "o": [ -2.00000, -2.00000, 0.000000 ], 
          "x": [ 1.000000, 0.000000, 0.000000 ], 
          "y": [ 0.000000, 1.000000, 0.000000 ], 
          "z": [ 0.000000, 0.000000, 1.000000 ]
        }, 
        "material": { 
          "_type": "Phong", 
          "diffuse": [ 0.750000, 0.750000, 0.750000 ], 
          "specular": [ 0.750000, 0.750000, 0.750000 ], 
          "reflection": [ 0.000000, 0.000000, 0.000000 ], 
          "exponent": 100.000000, 
          "use_reflected": false
        }, 
        "shape": { 
          "_type": "Mesh", 
          "pos": [ -1.000000, -1.000000, -1.000000, -1.000000, 1.000000, -1.000000, 1.000000, 1.000000, -1.000000, 1.000000, -1.000000, -1.000000, 1.000000, -1.000000, 1.000000, 1.000000, 1.000000, 1.000000, -1.000000, 1.000000, 1.000000, -1.000000, -1.000000, 1.000000, -1.000000, -1.000000, 1.000000, -1.000000, 1.000000, 1.000000, -1.000000, 1.000000, -1.000000, -1.000000, -1.000000, -1.000000, 1.000000, 1.000000, 1.000000, 1.000000, -1.000000, 1.000000, 1.000000, -1.000000, -1.000000, 1.000000, 1.000000, -1.000000, 1.000000, 1.000000, -1.000000, -1.000000, 1.000000, -1.000000, -1.000000, 1.000000, 1.000000, 1.000000, 1.000000, 1.000000, -1.000000, -1.000000, -1.000000, 1.000000, -1.000000, -1.000000, 1.000000, -1.000000, 1.000000, -1.000000, -1.000000, 1.000000 ], 
          "triangle": [  ], 
          "quad": [ 0, 1, 2, 3, 4, 5, 6, 7, 8, 9, 10, 11, 12, 13, 14, 15, 16, 17, 18, 19, 20, 21, 22, 23 ]
        }
      }, 
      { 
        "_type": "Surface", 
        "frame": { 
          "o": [ -2.00000,  2.00000, 0.000000 ], 
          "x": [ 1.000000, 0.000000, 0.000000 ], 
          "y": [ 0.000000, 1.000000, 0.000000 ], 
          "z": [ 0.000000, 0.000000, 1.000000 ]
        }, 
        "material": { 
          "_type": "Phong", 
          "diffuse": [ 0.750000, 0.750000, 0.750000 ], 
          "specular": [ 0.750000, 0.750000, 0.750000 ], 
          "reflection": [ 0.000000, 0.000000, 0.000000 ], 
          "exponent": 100.000000, 
          "use_reflected": false
        }, 
        "shape": { 
          "_type": "Mesh", 
          "pos": [ -0.750000, -0.750000, -1.000000, -0.750000, 0.750000, -1.000000, 0.750000, 0.750000, -1.000000, 0.750000, -0.750000, -1.000000, 0.750000, -0.750000, 1.000000, 0.750000, 0.750000, 1.000000, -0.750000, 0.750000, 1.000000, -0.750000, -0.750000, 1.000000, -1.000000, -0.750000, 0.750000, -1.000000, 0.750000, 0.750000, -1.000000, 0.750000, -0.750000, -1.000000, -0.750000, -0.750000, 1.000000, 0.750000, 0.750000, 1.000000, -0.750000, 0.750000, 1.000000, -0.750000, -0.750000, 1.000000, 0.750000, -0.750000, 0.750000, 1.000000, -0.750000, -0.750000, 1.000000, -0.750000, -0.750000, 1.000000, 0.750000, 0.750000, 1.000000, 0.750000, -0.750000, -1.000000, -0.750000, 0.750000, -1.000000, -0.750000, 0.750000, -1.000000, 0.750000, -0.750000, -1.000000, 0.750000 ], 
          "triangle": [ 14, 21, 3, 15, 2, 16, 10, 17, 1, 11, 0, 20, 4, 22, 13, 7, 8, 23, 6, 18, 9, 5, 12, 19 ], 
          "quad": [ 0, 1, 2, 3, 4, 5, 6, 7, 8, 9, 10, 11, 12, 13, 14, 15, 16, 17, 18, 19, 20, 21, 22, 23, 0, 11, 10, 1, 0, 3, 21, 20, 3, 2, 15, 14, 2, 1, 17, 16, 5, 4, 13, 12, 6, 5, 19, 18, 7, 6, 9, 8, 4, 7, 23, 22, 22, 21, 14, 13, 12, 15, 16, 19, 10, 9, 18, 17, 8, 11, 20, 23 ]
        }
      },
      { 
        "_type": "Surface", 
        "frame": { 
          "o": [  2.000000, -2.00000, 0.000000 ], 
          "x": [ 1.000000, 0.000000, 0.000000 ], 
          "y": [ 0.000000, 1.000000, 0.000000 ], 
          "z": [ 0.000000, 0.000000, 1.000000 ]
        }, 
        "material": { 
          "_type": "Phong", 
          "diffuse": [ 0.750000, 0.750000, 0.750000 ], 
          "specular": [ 0.750000, 0.750000, 0.750000 ], 
          "reflection": [ 0.000000, 0.000000, 0.000000 ], 
          "exponent": 100.000000, 
          "use_reflected": false
        }, 
        "shape": {
            "_type": "TesselationOverride",
            "level": 2,
            "smooth": false,
            "shape": { 
              "_type": "Mesh", 
              "pos": [ -1.000000, -1.000000, -1.000000, -1.000000, 1.000000, -1.000000, 1.000000, 1.000000, -1.000000, 1.000000, -1.000000, -1.000000, 1.000000, -1.000000, 1.000000, 1.000000, 1.000000, 1.000000, -1.000000, 1.000000, 1.000000, -1.000000, -1.000000, 1.000000, -1.000000, -1.000000, 1.000000, -1.000000, 1.000000, 1.000000, -1.000000, 1.000000, -1.000000, -1.000000, -1.000000, -1.000000, 1.000000, 1.000000, 1.000000, 1.000000, -1.000000, 1.000000, 1.000000, -1.000000, -1.000000, 1.000000, 1.000000, -1.000000, 1.000000, 1.000000, -1.000000, -1.000000, 1.000000, -1.000000, -1.000000, 1.000000, 1.000000, 1.000000, 1.000000, 1.000000, -1.000000, -1.000000, -1.000000, 1.000000, -1.000000, -1.000000, 1.000000, -1.000000, 1.000000, -1.000000, -1.000000, 1.000000 ], 
              "triangle": [  ], 
              "quad": [ 0, 1, 2, 3, 4, 5, 6, 7, 8, 9, 10, 11, 12, 13, 14, 15, 16, 17, 18, 19, 20, 21, 22, 23 ]
            }
        }
      },
      { 
        "_type": "Surface",
        "frame": { 
          "o": [  2.000000,  2.00000, 0.000000 ], 
          "x": [ 1.000000, 0.000000, 0.000000 ], 
          "y": [ 0.000000, 1.000000, 0.000000 ], 
          "z": [ 0.000000, 0.000000, 1.000000 ]
        }, 
        "material": { 
          "_type": "Phong", 
          "diffuse": [ 0.750000, 0.750000, 0.750000 ], 
          "specular": [ 0.750000, 0.750000, 0.750000 ], 
          "reflection": [ 0.000000, 0.000000, 0.000000 ], 
          "exponent": 100.000000, 
          "use_reflected": false
        }, 
        "shape": {
            "_type": "TesselationOverride",
            "level": 2,
            "smooth": false,
            "shape": { 
              "_type": "Mesh", 
              "pos": [ -0.750000, -0.750000, -1.000000, -0.750000, 0.750000, -1.000000, 0.750000, 0.750000, -1.000000, 0.750000, -0.750000, -1.000000, 0.750000, -0.750000, 1.000000, 0.750000, 0.750000, 1.000000, -0.750000, 0.750000, 1.000000, -0.750000, -0.750000, 1.000000, -1.000000, -0.750000, 0.750000, -1.000000, 0.750000, 0.750000, -1.000000, 0.750000, -0.750000, -1.000000, -0.750000, -0.750000, 1.000000, 0.750000, 0.750000, 1.000000, -0.750000, 0.750000, 1.000000, -0.750000, -0.750000, 1.000000, 0.750000, -0.750000, 0.750000, 1.000000, -0.750000, -0.750000, 1.000000, -0.750000, -0.750000, 1.000000, 0.750000, 0.750000, 1.000000, 0.750000, -0.750000, -1.000000, -0.750000, 0.750000, -1.000000, -0.750000, 0.750000, -1.000000, 0.750000, -0.750000, -1.000000, 0.750000 ], 
              "triangle": [ 14, 21, 3, 15, 2, 16, 10, 17, 1, 11, 0, 20, 4, 22, 13, 7, 8, 23, 6, 18, 9, 5, 12, 19 ], 
              "quad": [ 0, 1, 2, 3, 4, 5, 6, 7, 8, 9, 10, 11, 12, 13, 14, 15, 16, 17, 18, 19, 20, 21, 22, 23, 0, 11, 10, 1, 0, 3, 21, 20, 3, 2, 15, 14, 2, 1, 17, 16, 5, 4, 13, 12, 6, 5, 19, 18, 7, 6, 9, 8, 4, 7, 23, 22, 22, 21, 14, 13, 12, 15, 16, 19, 10, 9, 18, 17, 8, 11, 20, 23 ]
            }
        }
      }
    ]
  }
}