{ 
  "_type": "Scene", 
  "camera": { 
    "_type": "Camera", 
    "frame": { 
      "o": [ 5.000000, 5.000000, 5.000000 ], 
      "x": [ -0.707107, 0.707107, 0.000000 ], 
      "y": [ -0.408248, -0.408248, 0.816497 ], 
      "z": [ 0.577350, 0.577350, 0.577350 ]
    }, 
    "view_dist": 8.66, 
    "image_width": 1.000000, 
    "image_height": 1.000000, 
    "image_dist": 1.000000, 
    "focus_dist": 1.000000, 
    "focus_aperture": 0.000000, 
    "orthographic": false
  }, 
  "lights": { 
    "_type": "LightGroup", 
    "lights": [ 
      { 
        "_type": "PointLight", 
        "frame": { 
          "o": [ 0.000000, 5.000000, 5.000000 ], 
          "x": [ 1.000000, 0.000000, 0.000000 ], 
          "y": [ 0.000000, 1.000000, 0.000000 ], 
          "z": [ 0.000000, 0.000000, 1.000000 ]
        }, 
        "intensity": [ 20.000000, 20.000000, 20.000000 ]
      }
    ]
  }, 
  "prims": { 
    "_type": "PrimitiveGroup", 
    "prims": [ 
      { 
        "_type": "Surface", 
        "frame": { 
          "o": [ -2.00000, -2.00000, 0.000000 ], 
          "x": [ 1.000000, 0.000000, 0.000000 ], 
          "y": [ 0.000000, 1.000000, 0.000000 ], 
          "z": [ 0.000000, 0.000000, 1.000000 ]
        }, 
        "material": { 
          "_type": "Phong", 
          "diffuse": [ 0.750000, 0.750000, 0.750000 ], 
          "specular": [ 0.750000, 0.750000, 0.750000 ], 
          "reflection": [ 0.000000, 0.000000, 0.000000 ], 
          "exponent": 100.000000, 
          "use_reflected": false
        }, 
        "shape": { 
          "_type": "Sphere", 
          "center": [ 0.000000, 0.000000, 0.000000 ], 
          "radius": 1.000000
        }
      }, 
      { 
        "_type": "Surface", 
        "frame": { 
          "o": [ -2.00000,  2.00000, 0.000000 ], 
          "x": [ 1.000000, 0.000000, 0.000000 ], 
          "y": [ 0.000000, 1.000000, 0.000000 ], 
          "z": [ 0.000000, 0.000000, 1.000000 ]
        }, 
        "material": { 
          "_type": "Phong", 
          "diffuse": [ 0.750000, 0.750000, 0.750000 ], 
          "specular": [ 0.750000, 0.750000, 0.750000 ], 
          "reflection": [ 0.000000, 0.000000, 0.000000 ], 
          "exponent": 100.000000, 
          "use_reflected": false
        }, 
        "shape": { 
          "_type": "Cylinder", 
          "radius": 1.000000, 
          "height": 1.000000
        }
      },
      { 
        "_type": "Surface", 
        "frame": { 
          "o": [  2.000000, -2.00000, 0.000000 ], 
          "x": [ 1.000000, 0.000000, 0.000000 ], 
          "y": [ 0.000000, 1.000000, 0.000000 ], 
          "z": [ 0.000000, 0.000000, 1.000000 ]
        }, 
        "material": { 
          "_type": "Phong", 
          "diffuse": [ 0.750000, 0.750000, 0.750000 ], 
          "specular": [ 0.750000, 0.750000, 0.750000 ], 
          "reflection": [ 0.000000, 0.000000, 0.000000 ], 
          "exponent": 100.000000, 
          "use_reflected": false
        }, 
        "shape": {
            "_type": "TesselationOverride",
            "level": 2,
            "smooth": false,
            "shape": { 
              "_type": "Sphere", 
              "center": [ 0.000000, 0.000000, 0.000000 ], 
              "radius": 1.000000
            }
        }
      },
      { 
        "_type": "Surface",
        "frame": { 
          "o": [  2.000000,  2.00000, 0.000000 ], 
          "x": [ 1.000000, 0.000000, 0.000000 ], 
          "y": [ 0.000000, 1.000000, 0.000000 ], 
          "z": [ 0.000000, 0.000000, 1.000000 ]
        }, 
        "material": { 
          "_type": "Phong", 
          "diffuse": [ 0.750000, 0.750000, 0.750000 ], 
          "specular": [ 0.750000, 0.750000, 0.750000 ], 
          "reflection": [ 0.000000, 0.000000, 0.000000 ], 
          "exponent": 100.000000, 
          "use_reflected": false
        }, 
        "shape": {
            "_type": "TesselationOverride",
            "level": 2,
            "smooth": false,
            "shape": { 
                "_type": "Cylinder", 
                "radius": 1.000000, 
                "height": 1.000000
          }
        }
      }
    ]
  }
}