{ 
  "_type": "Scene", 
  "camera": { 
    "_type": "Camera", 
    "frame": { 
      "o": [ 5.000000, 5.000000, 5.000000 ], 
      "x": [ -0.707107, 0.707107, 0.000000 ], 
      "y": [ -0.408248, -0.408248, 0.816497 ], 
      "z": [ 0.577350, 0.577350, 0.577350 ]
    }, 
    "view_dist": 8.66, 
    "image_width": 1.000000, 
    "image_height": 1.000000, 
    "image_dist": 1.000000, 
    "focus_dist": 1.000000, 
    "focus_aperture": 0.000000, 
    "orthographic": false
  }, 
  "lights": { 
    "_type": "LightGroup", 
    "lights": [ 
      { 
        "_type": "PointLight", 
        "frame": { 
          "o": [ 0.000000, 5.000000, 5.000000 ], 
          "x": [ 1.000000, 0.000000, 0.000000 ], 
          "y": [ 0.000000, 1.000000, 0.000000 ], 
          "z": [ 0.000000, 0.000000, 1.000000 ]
        }, 
        "intensity": [ 20.000000, 20.000000, 20.000000 ]
      }
    ]
  }, 
  "prims": { 
    "_type": "PrimitiveGroup", 
    "prims": [ 
      { 
        "_type": "Surface", 
        "frame": { 
          "o": [ -2.00000, -2.00000, 0.000000 ], 
          "x": [ 1.000000, 0.000000, 0.000000 ], 
          "y": [ 0.000000, 1.000000, 0.000000 ], 
          "z": [ 0.000000, 0.000000, 1.000000 ]
        }, 
        "material": { 
          "_type": "Phong", 
          "diffuse": [ 0.750000, 0.750000, 0.750000 ], 
          "specular": [ 0.750000, 0.750000, 0.750000 ], 
          "reflection": [ 0.000000, 0.000000, 0.000000 ], 
          "exponent": 100.000000, 
          "use_reflected": false
        }, 
        "shape": { 
          "_type": "Spline", 
          "pos": [ 0.000000, -1.000000, 0.000000, 0.000000, -0.330000, 1.000000, 0.000000, 0.330000, 1.000000, 0.000000, 1.000000, 0.000000 ], 
          "radius": [ 0.020000, 0.020000, 0.020000, 0.020000 ], 
          "cubic": [ 0, 1, 2, 3 ], 
          "continous": true, 
          "level": 2, 
          "smooth": true
        }
      }, 
      { 
        "_type": "Surface", 
        "frame": { 
          "o": [ -2.00000,  2.00000, 0.000000 ], 
          "x": [ 1.000000, 0.000000, 0.000000 ], 
          "y": [ 0.000000, 1.000000, 0.000000 ], 
          "z": [ 0.000000, 0.000000, 1.000000 ]
        }, 
        "material": { 
          "_type": "Phong", 
          "diffuse": [ 0.750000, 0.750000, 0.750000 ], 
          "specular": [ 0.750000, 0.750000, 0.750000 ], 
          "reflection": [ 0.000000, 0.000000, 0.000000 ], 
          "exponent": 100.000000, 
          "use_reflected": false
        }, 
        "shape": { 
          "_type": "LineSet", 
          "pos": [ 0.000000, -1.000000, 0.000000, 0.000000, -0.330000, 1.000000, 0.000000, 0.330000, 1.000000, 0.000000, 1.000000, 0.000000 ], 
          "radius": [ 0.020000, 0.020000, 0.020000, 0.020000 ], 
          "line": [ 0, 1, 1, 2, 2, 3 ], 
        }
      },
      { 
        "_type": "Surface", 
        "frame": { 
          "o": [  2.000000, -2.00000, 0.000000 ], 
          "x": [ 1.000000, 0.000000, 0.000000 ], 
          "y": [ 0.000000, 1.000000, 0.000000 ], 
          "z": [ 0.000000, 0.000000, 1.000000 ]
        }, 
        "material": { 
          "_type": "Phong", 
          "diffuse": [ 0.750000, 0.750000, 0.750000 ], 
          "specular": [ 0.750000, 0.750000, 0.750000 ], 
          "reflection": [ 0.000000, 0.000000, 0.000000 ], 
          "exponent": 100.000000, 
          "use_reflected": false
        }, 
        "shape": { 
          "_type": "Spline", 
          "pos": [ 1.000000, 0.000000, 0.000000, 1.000000, 0.552285, 0.000000, 0.552285, 1.000000, 0.000000, 0.000000, 1.000000, 0.000000, 0.000000, 1.000000, 0.000000, -0.552285, 1.000000, 0.000000, -1.000000, 0.552285, 0.000000, -1.000000, 0.000000, 0.000000, -1.000000, 0.000000, 0.000000, -1.000000, -0.552285, 0.000000, -0.552285, -1.000000, 0.000000, 0.000000, -1.000000, 0.000000, 0.000000, -1.000000, 0.000000, 0.552285, -1.000000, 0.000000, 1.000000, -0.552285, 0.000000, 1.000000, 0.000000, 0.000000 ], 
          "radius": [ 0.020000, 0.020000, 0.020000, 0.020000, 0.020000, 0.020000, 0.020000, 0.020000, 0.020000, 0.020000, 0.020000, 0.020000, 0.020000, 0.020000, 0.020000, 0.020000 ], 
          "cubic": [ 0, 1, 2, 3, 4, 5, 6, 7, 8, 9, 10, 11, 12, 13, 14, 15 ], 
          "continous": true, 
          "level": 2, 
          "smooth": true
        }
      },
      { 
        "_type": "Surface",
        "frame": { 
          "o": [  2.000000,  2.00000, 0.000000 ], 
          "x": [ 1.000000, 0.000000, 0.000000 ], 
          "y": [ 0.000000, 1.000000, 0.000000 ], 
          "z": [ 0.000000, 0.000000, 1.000000 ]
        }, 
        "material": { 
          "_type": "Phong", 
          "diffuse": [ 0.750000, 0.750000, 0.750000 ], 
          "specular": [ 0.750000, 0.750000, 0.750000 ], 
          "reflection": [ 0.000000, 0.000000, 0.000000 ], 
          "exponent": 100.000000, 
          "use_reflected": false
        }, 
        "shape": { 
          "_type": "LineSet", 
          "pos": [ 1.000000, 0.000000, 0.000000, 1.000000, 0.552285, 0.000000, 0.552285, 1.000000, 0.000000, 0.000000, 1.000000, 0.000000, 0.000000, 1.000000, 0.000000, -0.552285, 1.000000, 0.000000, -1.000000, 0.552285, 0.000000, -1.000000, 0.000000, 0.000000, -1.000000, 0.000000, 0.000000, -1.000000, -0.552285, 0.000000, -0.552285, -1.000000, 0.000000, 0.000000, -1.000000, 0.000000, 0.000000, -1.000000, 0.000000, 0.552285, -1.000000, 0.000000, 1.000000, -0.552285, 0.000000, 1.000000, 0.000000, 0.000000 ], 
          "radius": [ 0.020000, 0.020000, 0.020000, 0.020000, 0.020000, 0.020000, 0.020000, 0.020000, 0.020000, 0.020000, 0.020000, 0.020000, 0.020000, 0.020000, 0.020000, 0.020000 ], 
          "line": [ 0, 1, 1, 2, 2, 3, 3, 4, 4, 5, 5, 6, 6, 7, 7, 8, 8, 9, 9, 10, 10, 11, 11, 12, 12, 13, 13, 14, 14, 15, 15 ], 
        }
      }
    ]
  }
}